Title,Brand,Model,YOM,Engine (cc),Gear,Fuel Type,Millage(KM),Town,Date,Leasing,Condition,AIR CONDITION,POWER STEERING,POWER MIRROR,POWER WINDOW,Price,ScrapeDate,SourceURL
BYD Atto 3 Superior 2025 SUV,Unknown,Unknown,2025,,,,,,2025-11-24,No,,No,No,No,No,17300000,2025-11-24,https://riyasewana.com/buy/byd-atto-3-sale-kiribathgoda-10810453
Toyota Yaris X 2024 2024 Car,Toyota,Yaris,2024,,,,,,2025-11-24,No,,No,No,No,No,9900000,2025-11-24,https://riyasewana.com/buy/toyota-yaris-x-sale-wattala-10810450
TVS Wego 2020 Motorbike,Unknown,Unknown,2020,,,,,,2025-11-24,No,,No,No,No,No,560000,2025-11-24,https://riyasewana.com/buy/tvs-wego-sale-gampaha-10810449
Suzuki Spacia 2024 Car,Suzuki,Spacia,2024,,,,,,2025-11-24,No,,No,No,No,No,8725000,2025-11-24,https://riyasewana.com/buy/suzuki-spacia-sale-kadawatha-10810444
Suzuki Wagon R FX Safety 2023 Car,Suzuki,Wagon,2023,,,,,,2025-11-24,No,,No,No,No,No,7375000,2025-11-24,https://riyasewana.com/buy/suzuki-wagon-r-sale-kadawatha-10810440
Daihatsu Mira 2023 Car,Daihatsu,Mira,2023,,,,,,2025-11-24,No,,No,No,No,No,6250000,2025-11-24,https://riyasewana.com/buy/daihatsu-mira-sale-veyangoda-10810423
Mitsubishi Delica L 300 1982 Van,Mitsubishi,Delica,2025,,,,,,2025-11-24,No,,No,No,No,No,1525000,2025-11-24,https://riyasewana.com/buy/mitsubishi-delica-l-sale-gampaha-10810422
Ford Ford 3600 1978 Tractor,Ford,Ford,2025,,,,,,2025-11-24,No,,No,No,No,No,675000,2025-11-24,https://riyasewana.com/buy/ford-ford-3600-sale-dankotuwa-10810418
Suzuki CARRY TRUCK SAFETY LED 2023 Car,Suzuki,CARRY,2023,,,,,Dehiwala,2025-11-24,No,,No,No,No,No,5250000,2025-11-24,https://riyasewana.com/buy/suzuki-carry-truck-sale-dehiwala-mount-lavinia-10810299
Daihatsu Taft 2023 Car,Daihatsu,Taft,2023,,,,,,2025-11-24,No,,No,No,No,No,7850000,2025-11-24,https://riyasewana.com/buy/daihatsu-taft-sale-veyangoda-10810285
Suzuki Wagon R FX 2024 Car,Suzuki,Wagon,2024,,,,,,2025-11-24,No,,No,No,No,No,7250000,2025-11-24,https://riyasewana.com/buy/suzuki-wagon-r-sale-veyangoda-10810274
Suzuki Wagon R FX 2023 Car,Suzuki,Wagon,2023,,,,,,2025-11-24,No,,No,No,No,No,7150000,2025-11-24,https://riyasewana.com/buy/suzuki-wagon-r-sale-veyangoda-10810239
Suzuki Wagon R Fx Safety 2025 Car,Suzuki,Wagon,2025,,,,,,2025-11-24,No,,No,No,No,No,7900000,2025-11-24,https://riyasewana.com/buy/suzuki-wagon-r-sale-kandy-10810214
Toyota YARIS CROSS HYBRID Z ADVENTURE 2023 Car,Toyota,YARIS,2023,,,Hybrid,,,2025-11-24,No,,No,No,No,No,15975000,2025-11-24,https://riyasewana.com/buy/toyota-yaris-cross-sale-malabe-10810212
Toyota Passo 2023 Car,Toyota,Passo,2023,,,,,,2025-11-24,No,,No,No,No,No,7600000,2025-11-24,https://riyasewana.com/buy/toyota-passo-sale-wennappuwa-10810207
Daihatsu Charade 1987 Car,Daihatsu,Charade,2025,,,,,,2025-11-24,No,,No,No,No,No,1375000,2025-11-24,https://riyasewana.com/buy/daihatsu-charade-sale-homagama-10810185
Nissan Cedric Y31 1988 Car,Nissan,Cedric,2025,,,,,,2025-11-24,No,,No,No,No,No,1975000,2025-11-24,https://riyasewana.com/buy/nissan-cedric-y31-sale-hanwella-10810166
Suzuki Wagon R FX Safety Hybrid 2023 Car,Suzuki,Wagon,2023,,,Hybrid,,,2025-11-24,No,,No,No,No,No,7800000,2025-11-24,https://riyasewana.com/buy/suzuki-wagon-r-sale-kurunegala-10810124
Daihatsu Taft G Grade 2023 Car,Daihatsu,Taft,2023,,,,,,2025-11-24,No,,No,No,No,No,7700000,2025-11-24,https://riyasewana.com/buy/daihatsu-taft-g-sale-kaduwela-10810105
Toyota Aqua G Grade 2023 Car,Toyota,Aqua,2023,,,,,,2025-11-24,No,,No,No,No,No,13150000,2025-11-24,https://riyasewana.com/buy/toyota-aqua-g-sale-kaduwela-10810076
Toyota Axio EX Hybrid 2023 Car,Toyota,Axio,2023,,,Hybrid,,,2025-11-24,No,,No,No,No,No,15500000,2025-11-24,https://riyasewana.com/buy/toyota-axio-ex-sale-kaduwela-10810055
Toyota SHELL 1987 Car,Toyota,SHELL,2025,,,,,,2025-11-24,No,,No,No,No,No,2375000,2025-11-24,https://riyasewana.com/buy/toyota-shell-sale-kurunegala-10810041
Toyota YARIS X GRADE SMART EDITION 2024 Car,Toyota,YARIS,2024,,,,,Dehiwala,2025-11-24,No,,No,No,No,No,10650000,2025-11-24,https://riyasewana.com/buy/toyota-yaris-x-sale-dehiwala-mount-lavinia-10810022
Mitsubishi Lancer Box 1982 Car,Mitsubishi,Lancer,2025,,,,,,2025-11-24,No,,No,No,No,No,1290000,2025-11-24,https://riyasewana.com/buy/mitsubishi-lancer-box-sale-kegalle-10810005
Suzuki SPACIA CUSTOM XS 2024 Car,Suzuki,SPACIA,2024,,,,,Dehiwala,2025-11-24,No,,No,No,No,No,9975000,2025-11-24,https://riyasewana.com/buy/suzuki-spacia-custom-sale-dehiwala-mount-lavinia-10810004
Nissan Hb11 California 1985 Car,Nissan,Hb11,2025,,,,,,2025-11-24,No,,No,No,No,No,895000,2025-11-24,https://riyasewana.com/buy/nissan-hb11-california-sale-panadura-10809998
Toyota Corona AT150 1986 Car,Toyota,Corona,2025,,,,,,2025-11-24,No,,No,No,No,No,1200000,2025-11-24,https://riyasewana.com/buy/toyota-corona-at150-sale-kuliyapitiya-10809984
Nissan Dayz Highway Star X 2024 Car,Nissan,Dayz,2024,,,,,,2025-11-24,No,,No,No,No,No,8650000,2025-11-24,https://riyasewana.com/buy/nissan-dayz-highway-sale-colombo-10809959
Daihatsu MIRA 2025 Car,Daihatsu,MIRA,2025,,,,,,2025-11-24,No,,No,No,No,No,6900000,2025-11-24,https://riyasewana.com/buy/daihatsu-mira-sale-gampaha-10809938
Mitsubishi Lancer Box 1982 Car,Mitsubishi,Lancer,2025,,,,,,2025-11-24,No,,No,No,No,No,1075000,2025-11-24,https://riyasewana.com/buy/mitsubishi-lancer-box-sale-kuliyapitiya-10809937
Hero-Honda Hatchback 1984 Car,Honda,Hatchback,2025,,,,,Hero,2025-11-24,No,,No,No,No,No,825000,2025-11-24,https://riyasewana.com/buy/hero-honda-hatchback-sale-kandy-10809935
Daihatsu Mira L Safety 2024 Car,Daihatsu,Mira,2024,,,,,,2025-11-24,No,,No,No,No,No,6650000,2025-11-24,https://riyasewana.com/buy/daihatsu-mira-l-sale-colombo-10809934
Nissan SUNNY B210 B211 1979 Car,Nissan,SUNNY,2025,,,,,,2025-11-24,No,,No,No,No,No,395000,2025-11-24,https://riyasewana.com/buy/nissan-sunny-b210-sale-kandy-10809921
Daihatsu Mira X Limited 2023 Car,Daihatsu,Mira,2023,,,,,,2025-11-24,No,,No,No,No,No,6850000,2025-11-24,https://riyasewana.com/buy/daihatsu-mira-x-sale-colombo-10809918
Toyota Yaris G Grade 2023 Car,Toyota,Yaris,2023,,,,,,2025-11-24,No,,No,No,No,No,10600000,2025-11-24,https://riyasewana.com/buy/toyota-yaris-g-sale-nugegoda-10809890
Suzuki Wagon R Hybrid Safety 2023 Car,Suzuki,Wagon,2023,,,Hybrid,,,2025-11-24,No,,No,No,No,No,1500000,2025-11-24,https://riyasewana.com/buy/suzuki-wagon-r-sale-anuradapura-10809889
Toyota YARIS 2022 Car,Toyota,YARIS,2022,,,,,,2025-11-19,No,,No,No,No,No,9050000,2025-11-24,https://riyasewana.com/buy/toyota-yaris-sale-kadawatha-10780308
Toyota Roomy Custom GT 2023 Car,Toyota,Roomy,2023,,,,,,2025-11-24,No,,No,No,No,No,11200000,2025-11-24,https://riyasewana.com/buy/toyota-roomy-custom-sale-wennappuwa-10809878
Mitsubishi Ek Wagon 2023 Car,Mitsubishi,Ek,2023,,,,,,2025-11-24,No,,No,No,No,No,69500005,2025-11-24,https://riyasewana.com/buy/mitsubishi-ek-wagon-sale-pannipitiya-10809877
Suzuki Spacia Custom XS 2025 Car,Suzuki,Spacia,2025,,,,,,2025-11-24,No,,No,No,No,No,10650000,2025-11-24,https://riyasewana.com/buy/suzuki-spacia-custom-sale-nittambuwa-10809871
Honda CITY RS V TEC TURBO 2025 Car,Honda,CITY,2025,,,,,Dehiwala,2025-11-24,No,,No,No,No,No,14000000,2025-11-24,https://riyasewana.com/buy/honda-city-rs-sale-dehiwala-mount-lavinia-10809846
Honda GR 3 EHEV 2023 Car,Honda,GR,2023,,,Electric,,,2025-11-24,No,,No,No,No,No,13150000,2025-11-24,https://riyasewana.com/buy/honda-gr-3-sale-kaduwela-10809828
Nissan ROOX X 2024 Car,Nissan,ROOX,2024,,,,,,2025-11-24,No,,No,No,No,No,8050000,2025-11-24,https://riyasewana.com/buy/nissan-roox-x-sale-colombo-10809825
Nissan HB11 1983 Car,Nissan,HB11,2025,,,,,,2025-11-24,No,,No,No,No,No,920000,2025-11-24,https://riyasewana.com/buy/nissan-hb11-sale-nugegoda-10809812
Suzuki ALTO SAFETY 2024 Car,Suzuki,ALTO,2024,,,,,,2025-11-24,No,,No,No,No,No,6550000,2025-11-24,https://riyasewana.com/buy/suzuki-alto-safety-sale-colombo-10809800
Suzuki Spacia XS Turbo 2025 Car,Suzuki,Spacia,2025,,,,,,2025-11-24,No,,No,No,No,No,10400000,2025-11-24,https://riyasewana.com/buy/suzuki-spacia-xs-sale-matale-10809767
Daihatsu Taft G Chrome 2023 Car,Daihatsu,Taft,2023,,,,,,2025-11-24,No,,No,No,No,No,8375000,2025-11-24,https://riyasewana.com/buy/daihatsu-taft-g-sale-nittambuwa-10809760
Toyota Yaris G LED 2023 Car,Toyota,Yaris,2023,,,,,,2025-11-24,No,,No,No,No,No,11275000,2025-11-24,https://riyasewana.com/buy/toyota-yaris-g-sale-kandy-10809758
Suzuki Wagon R FX Safety 2023 Car,Suzuki,Wagon,2023,,,,,,2025-11-19,No,,No,No,No,No,7500000,2025-11-24,https://riyasewana.com/buy/suzuki-wagon-r-sale-wattala-10779091
Nissan Dayz G Turbo Propilot 2024 Car,Nissan,Dayz,2024,,,,,,2025-11-24,No,,No,No,No,No,8760000,2025-11-24,https://riyasewana.com/buy/nissan-dayz-g-sale-piliyandala-10809748
Toyota Dx Wagon KE72 1984 Car,Toyota,Dx,2025,,,,,,2025-11-24,No,,No,No,No,No,1090000,2025-11-24,https://riyasewana.com/buy/toyota-dx-wagon-sale-kaduwela-10809741
Isuzu Gemini 1989 Car,Isuzu,Gemini,2025,,,,,,2025-11-24,No,,No,No,No,No,810000,2025-11-24,https://riyasewana.com/buy/isuzu-gemini-sale-kaduwela-10809737
Daihatsu Taft G Dark Chrome 2024 Car,Daihatsu,Taft,2024,,,,,,2025-11-24,No,,No,No,No,No,8575000,2025-11-24,https://riyasewana.com/buy/daihatsu-taft-g-sale-nittambuwa-10809730
Toyota Carina 1982 Car,Toyota,Carina,2025,,,,,,2025-11-24,No,,No,No,No,No,550000,2025-11-24,https://riyasewana.com/buy/toyota-carina-sale-matara-10809727
Suzuki Spacia XS Turbo 2025 Car,Suzuki,Spacia,2025,,,,,,2025-11-24,No,,No,No,No,No,10250000,2025-11-24,https://riyasewana.com/buy/suzuki-spacia-xs-sale-matale-10809726
Suzuki Wagon Custom Zx 2024 Car,Suzuki,Wagon,2024,,,,,,2025-11-24,No,,No,No,No,No,8950000,2025-11-24,https://riyasewana.com/buy/suzuki-wagon-custom-sale-kadawatha-10809723
Toyota Yaris X Grade 2023 Car,Toyota,Yaris,2023,,,,,,2025-11-24,No,,No,No,No,No,9190000,2025-11-24,https://riyasewana.com/buy/toyota-yaris-x-sale-nugegoda-10809712
Toyota Roomy Custom G 2023 Car,Toyota,Roomy,2023,,,,,,2025-11-24,No,,No,No,No,No,9950000,2025-11-24,https://riyasewana.com/buy/toyota-roomy-custom-sale-kurunegala-10809704
Toyota Corolla K50 1978 Car,Toyota,Corolla,2025,,,,,,2025-11-24,No,,No,No,No,No,475000,2025-11-24,https://riyasewana.com/buy/toyota-corolla-k50-sale-hambantota-10809645
Mercedes-Benz C200 AMG 2024 Car,Mercedes,C200,2024,,,,,Mercedes,2025-11-24,No,,No,No,No,No,38000000,2025-11-24,https://riyasewana.com/buy/mercedes-benz-c200-amg-sale-colombo-10809629
Mitsubishi Lancer 1985 Car,Mitsubishi,Lancer,2025,,,,,,2025-11-24,No,,No,No,No,No,700000,2025-11-24,https://riyasewana.com/buy/mitsubishi-lancer-sale-gampaha-10809623
Daihatsu Mira X Grade LED Lights 2025 Car,Daihatsu,Mira,2025,,,,,,2025-11-22,No,,No,No,No,No,6650000,2025-11-24,https://riyasewana.com/buy/daihatsu-mira-x-sale-gampaha-10801987
Suzuki Wagon R Fx Hybrid 2025 Car,Suzuki,Wagon,2025,,,Hybrid,,,2025-11-24,No,,No,No,No,No,7690000,2025-11-24,https://riyasewana.com/buy/suzuki-wagon-r-sale-kurunegala-10809607
BMW 218i Play 2023 Car,Bmw,218i,2023,,,,,,2025-11-24,No,,No,No,No,No,23500000,2025-11-24,https://riyasewana.com/buy/bmw-218i-play-sale-colombo-10809602
Daihatsu Mira L Safety 2024 Car,Daihatsu,Mira,2024,,,,,,2025-11-24,No,,No,No,No,No,6625000,2025-11-24,https://riyasewana.com/buy/daihatsu-mira-l-sale-maharagama-10809562
Suzuki Alto 2023 Car,Suzuki,Alto,2023,,,,,,2025-11-24,No,,No,No,No,No,6000000,2025-11-24,https://riyasewana.com/buy/suzuki-alto-sale-kurunegala-10809518
Toyota ROOMY Custom G 2025 Car,Toyota,ROOMY,2025,,,,,,2025-11-24,No,,No,No,No,No,11450000,2025-11-24,https://riyasewana.com/buy/toyota-roomy-custom-sale-kaduwela-10809509
Toyota Pixis G Grade 2024 Car,Toyota,Pixis,2024,,,,,,2025-11-24,No,,No,No,No,No,7950000,2025-11-24,https://riyasewana.com/buy/toyota-pixis-g-sale-piliyandala-10809495
Nissan Sunny B310 B11 1982 Car,Nissan,Sunny,2025,,,,,,2025-11-24,No,,No,No,No,No,750000,2025-11-24,https://riyasewana.com/buy/nissan-sunny-b310-sale-kurunegala-10809490
Toyota DX Wagon 1987 Car,Toyota,DX,2025,,,,,,2025-11-24,No,,No,No,No,No,950000,2025-11-24,https://riyasewana.com/buy/toyota-dx-wagon-sale-kurunegala-10809476
Honda N BOX 2022 Car,Honda,N,2022,,,,,,2025-11-24,No,,No,No,No,No,7650000,2025-11-24,https://riyasewana.com/buy/honda-n-box-sale-kadawatha-10809468
Daihatsu Mira X LTD LED 2024 Car,Daihatsu,Mira,2024,,,,,,2025-11-21,No,,No,No,No,No,7450000,2025-11-24,https://riyasewana.com/buy/daihatsu-mira-x-sale-boralesgamuwa-10794332
Toyota Yaris 2023 Car,Toyota,Yaris,2023,,,,,,2025-11-23,No,,No,No,No,No,9300000,2025-11-24,https://riyasewana.com/buy/toyota-yaris-sale-galle-10807617
Suzuki Wagon R Custom Z 2025 Car,Suzuki,Wagon,2025,,,,,,2025-11-24,No,,No,No,No,No,8975000,2025-11-24,https://riyasewana.com/buy/suzuki-wagon-r-sale-kurunegala-10809455
Toyota Corona 1986 Car,Toyota,Corona,2025,,,,,,2025-11-24,No,,No,No,No,No,800000,2025-11-24,https://riyasewana.com/buy/toyota-corona-sale-kalutara-10809451
Toyota Corolla AE91 1987 Car,Toyota,Corolla,2025,,,,,,2025-11-24,No,,No,No,No,No,2090000,2025-11-24,https://riyasewana.com/buy/toyota-corolla-ae91-sale-matara-10809448
Toyota Corolla KE72 1986 Car,Toyota,Corolla,2025,,,,,,2025-11-24,No,,No,No,No,No,1275000,2025-11-24,https://riyasewana.com/buy/toyota-corolla-ke72-sale-badulla-10809447
Suzuki Alto 2024 Car,Suzuki,Alto,2024,,,,,,2025-11-24,No,,No,No,No,No,6775000,2025-11-24,https://riyasewana.com/buy/suzuki-alto-sale-nittambuwa-10809446
Nissan ROOX HIGHWAY STAR PROPILOT 2023 Car,Nissan,ROOX,2023,,,,,,2025-11-24,No,,No,No,No,No,8600000,2025-11-24,https://riyasewana.com/buy/nissan-roox-highway-sale-gampaha-10809431
Suzuki Alto Japan 2024 Car,Suzuki,Alto,2024,,,,,,2025-11-24,No,,No,No,No,No,6675000,2025-11-24,https://riyasewana.com/buy/suzuki-alto-japan-sale-nittambuwa-10809418
Toyota Ke20 1974 Car,Toyota,Ke20,2025,,,,,,2025-11-24,No,,No,No,No,No,785000,2025-11-24,https://riyasewana.com/buy/toyota-ke20-sale-ratnapura-10809416
Nissan Sunny B11 1984 Car,Nissan,Sunny,2025,,,,,,2025-11-24,No,,No,No,No,No,1275000,2025-11-24,https://riyasewana.com/buy/nissan-sunny-b11-sale-gampaha-10809386
Toyota DX WAGON 1500 1983 Car,Toyota,DX,2025,,,,,,2025-11-24,No,,No,No,No,No,990000,2025-11-24,https://riyasewana.com/buy/toyota-dx-wagon-sale-puttalam-10809372
Suzuki Wagon R FX Safety 2023 Car,Suzuki,Wagon,2023,,,,,,2025-11-24,No,,No,No,No,No,7475000,2025-11-24,https://riyasewana.com/buy/suzuki-wagon-r-sale-piliyandala-10809347
Nissan Trad Sunny 1989 Car,Nissan,Trad,2025,,,,,,2025-11-24,No,,No,No,No,No,1595000,2025-11-24,https://riyasewana.com/buy/nissan-trad-sunny-sale-homagama-10809328
Suzuki Wagon R Custom ZX 2024 Car,Suzuki,Wagon,2024,,,,,,2025-11-24,No,,No,No,No,No,9200000,2025-11-24,https://riyasewana.com/buy/suzuki-wagon-r-sale-nugegoda-10809313
Suzuki Wagon R FX Safety 2023 Car,Suzuki,Wagon,2023,,,,,,2025-11-24,No,,No,No,No,No,7200000,2025-11-24,https://riyasewana.com/buy/suzuki-wagon-r-sale-kottawa-10809308
Toyota Roomy G Custom 2023 Car,Toyota,Roomy,2023,,,,,,2025-11-24,No,,No,No,No,No,11200000,2025-11-24,https://riyasewana.com/buy/toyota-roomy-g-sale-nugegoda-10809272
Suzuki Wagon R Custom ZX 2025 Car,Suzuki,Wagon,2025,,,,,,2025-11-23,No,,No,No,No,No,8950000,2025-11-24,https://riyasewana.com/buy/suzuki-wagon-r-sale-elpitiya-10802797
BAW E7 2025 Car,Unknown,Unknown,2025,,,,,,2025-11-24,No,,No,No,No,No,4990000,2025-11-24,https://riyasewana.com/buy/baw-e7-sale-gampaha-10809257
Daihatsu Mira LSA3 2023 Car,Daihatsu,Mira,2023,,,,,,2025-11-24,No,,No,No,No,No,6775000,2025-11-24,https://riyasewana.com/buy/daihatsu-mira-lsa3-sale-gampaha-10809246
Suzuki Spacia Hybrid G 2023 Car,Suzuki,Spacia,2023,,,Hybrid,,,2025-11-24,No,,No,No,No,No,8190000,2025-11-24,https://riyasewana.com/buy/suzuki-spacia-hybrid-sale-gampaha-10809200
Mitsubishi EK WAGON 2023 Car,Mitsubishi,EK,2023,,,,,,2025-11-24,No,,No,No,No,No,7350000,2025-11-24,https://riyasewana.com/buy/mitsubishi-ek-wagon-sale-kadawatha-10809196
Mazda Suzuki Flair 2024 Car,Suzuki,Flair,2024,,,,,,2025-11-24,No,,No,No,No,No,2000000,2025-11-24,https://riyasewana.com/buy/mazda-suzuki-flair-sale-gampaha-10809174
Nissan Roox Highway Star G Turbo Hybr 2024 Car,Nissan,Roox,2024,,,,,,2025-11-22,No,,No,No,No,No,9450000,2025-11-24,https://riyasewana.com/buy/nissan-roox-highway-sale-colombo-10796475
Toyota Corolla Dx Wagon KE72 1989 Car,Toyota,Corolla,2025,,,,,,2025-11-24,No,,No,No,No,No,975000,2025-11-24,https://riyasewana.com/buy/toyota-corolla-dx-sale-kalmunai-10809108
Toyota Corona 1985 Car,Toyota,Corona,2025,,,,,,2025-11-24,No,,No,No,No,No,112233,2025-11-24,https://riyasewana.com/buy/toyota-corona-sale-anuradapura-10809079
Honda Grand Civic 1987 Car,Honda,Grand,2025,,,,,,2025-11-24,No,,No,No,No,No,1650000,2025-11-24,https://riyasewana.com/buy/honda-grand-civic-sale-kaduwela-10809063
Suzuki Wagon R Fx 2023 Car,Suzuki,Wagon,2023,,,,,,2025-11-24,No,,No,No,No,No,7695000,2025-11-24,https://riyasewana.com/buy/suzuki-wagon-r-sale-panadura-10809043
Nissan Dayz Safety 2023 Car,Nissan,Dayz,2023,,,,,Ja,2025-11-24,No,,No,No,No,No,8190000,2025-11-24,https://riyasewana.com/buy/nissan-dayz-safety-sale-ja-ela-10809040
Nissan B11 1985 Car,Nissan,B11,2025,,,,,,2025-11-24,No,,No,No,No,No,112233,2025-11-24,https://riyasewana.com/buy/nissan-b11-sale-anuradapura-10809039
Mitsubishi EK-X Hybrid Turbo 2023 Car,Mitsubishi,EK-X,2023,,,Hybrid,,Ek,2025-11-24,No,,No,No,No,No,8790000,2025-11-24,https://riyasewana.com/buy/mitsubishi-ek-x-hybrid-sale-kaduwela-10809029
Suzuki Wagon FX 2023 Car,Suzuki,Wagon,2023,,,,,,2025-11-24,No,,No,No,No,No,7650000,2025-11-24,https://riyasewana.com/buy/suzuki-wagon-fx-sale-nugegoda-10809026
Suzuki Wagon R FX Safety 2024 Car,Suzuki,Wagon,2024,,,,,,2025-11-24,No,,No,No,No,No,7950000,2025-11-24,https://riyasewana.com/buy/suzuki-wagon-r-sale-kadawatha-10809018
Mitsubishi Lancer C12 1986 Car,Mitsubishi,Lancer,2025,,,,,,2025-11-24,No,,No,No,No,No,650000,2025-11-24,https://riyasewana.com/buy/mitsubishi-lancer-c12-sale-dompe-10809017
Daihatsu Taft G Chrome 2024 Car,Daihatsu,Taft,2024,,,,,,2025-11-16,No,,No,No,No,No,8400000,2025-11-24,https://riyasewana.com/buy/daihatsu-taft-g-sale-kesbewa-10767704
Daihatsu Taft G 2024 Car,Daihatsu,Taft,2024,,,,,,2025-11-24,No,,No,No,No,No,7975000,2025-11-24,https://riyasewana.com/buy/daihatsu-taft-g-sale-kaduwela-10809015
Toyota COROLLA AXIO EX HYBRID 2023 Car,Toyota,COROLLA,2023,,,Hybrid,,,2025-11-24,No,,No,No,No,No,15500000,2025-11-24,https://riyasewana.com/buy/toyota-corolla-axio-sale-gampaha-10809012
Suzuki WAGON R FX SAFETY 2024 Car,Suzuki,WAGON,2024,,,,,,2025-11-24,No,,No,No,No,No,7400000,2025-11-24,https://riyasewana.com/buy/suzuki-wagon-r-sale-gampaha-10808981
Suzuki Spacia Custom Xs 2024 Car,Suzuki,Spacia,2024,,,,,,2025-11-24,No,,No,No,No,No,9650000,2025-11-24,https://riyasewana.com/buy/suzuki-spacia-custom-sale-nugegoda-10808975
Suzuki Hustler X 2023 Car,Suzuki,Hustler,2023,,,,,,2025-11-24,No,,No,No,No,No,8300000,2025-11-24,https://riyasewana.com/buy/suzuki-hustler-x-sale-matugama-10808954
Suzuki WAGON R FX SAFETY 2023 Car,Suzuki,WAGON,2023,,,,,,2025-11-24,No,,No,No,No,No,7400000,2025-11-24,https://riyasewana.com/buy/suzuki-wagon-r-sale-gampaha-10808953
Toyota Corolla DX Wagon KE72 1987 Car,Toyota,Corolla,2025,,,,,,2025-11-24,No,,No,No,No,No,1895000,2025-11-24,https://riyasewana.com/buy/toyota-corolla-dx-sale-ratnapura-10808932
Suzuki WAGON R ZX CUSTOM 2023 Car,Suzuki,WAGON,2023,,,,,,2025-11-24,No,,No,No,No,No,8650000,2025-11-24,https://riyasewana.com/buy/suzuki-wagon-r-sale-gampaha-10808917
Daihatsu Tanto Custom X 2024 Car,Daihatsu,Tanto,2024,,,,,,2025-11-24,No,,No,No,No,No,9150000,2025-11-24,https://riyasewana.com/buy/daihatsu-tanto-custom-sale-piliyandala-10808911
Isuzu Gemini 1988 Car,Isuzu,Gemini,2025,,,,,,2025-11-24,No,,No,No,No,No,1400000,2025-11-24,https://riyasewana.com/buy/isuzu-gemini-sale-panadura-10808905
Suzuki WAGON R ZX CUSTOM 2024 Car,Suzuki,WAGON,2024,,,,,,2025-11-24,No,,No,No,No,No,8800000,2025-11-24,https://riyasewana.com/buy/suzuki-wagon-r-sale-gampaha-10808897
Mitsubishi Lancer Wagon 1979 Car,Mitsubishi,Lancer,2025,,,,,,2025-11-24,No,,No,No,No,No,495000,2025-11-24,https://riyasewana.com/buy/mitsubishi-lancer-wagon-sale-gampaha-10808895
Suzuki Alto Japan 2024 Car,Suzuki,Alto,2024,,,,,,2025-11-24,No,,No,No,No,No,6750000,2025-11-24,https://riyasewana.com/buy/suzuki-alto-japan-sale-gampaha-10808885
Toyota ROOMY CUSTOM G 2023 Car,Toyota,ROOMY,2023,,,,,,2025-11-24,No,,No,No,No,No,10500000,2025-11-24,https://riyasewana.com/buy/toyota-roomy-custom-sale-gampaha-10808863
Suzuki Spacia 2024 Car,Suzuki,Spacia,2024,,,,,,2025-11-24,No,,No,No,No,No,8400000,2025-11-24,https://riyasewana.com/buy/suzuki-spacia-sale-piliyandala-10808856
Toyota Roomy G 2023 Car,Toyota,Roomy,2023,,,,,,2025-11-24,No,,No,No,No,No,9250000,2025-11-24,https://riyasewana.com/buy/toyota-roomy-g-sale-matugama-10808855
Honda City RS 2025 Car,Honda,City,2025,,,,,,2025-11-24,No,,No,No,No,No,13650000,2025-11-24,https://riyasewana.com/buy/honda-city-rs-sale-boralesgamuwa-10808854
Suzuki Wagon R Custom Z SE 2025 Car,Suzuki,Wagon,2025,,,,,,2025-11-24,No,,No,No,No,No,8850000,2025-11-24,https://riyasewana.com/buy/suzuki-wagon-r-sale-wattala-10808831
Toyota Yaris 2024 Car,Toyota,Yaris,2024,,,,,,2025-11-24,No,,No,No,No,No,9350000,2025-11-24,https://riyasewana.com/buy/toyota-yaris-sale-kadawatha-10808819
Daihatsu Mira 2024 Car,Daihatsu,Mira,2024,,,,,,2025-11-24,No,,No,No,No,No,6700000,2025-11-24,https://riyasewana.com/buy/daihatsu-mira-sale-nugegoda-10808810
Daihatsu Mira 2023 Car,Daihatsu,Mira,2023,,,,,,2025-11-24,No,,No,No,No,No,6650000,2025-11-24,https://riyasewana.com/buy/daihatsu-mira-sale-nugegoda-10808802
Suzuki Alto L Safety 2024 Car,Suzuki,Alto,2024,,,,,,2025-11-24,No,,No,No,No,No,6950000,2025-11-24,https://riyasewana.com/buy/suzuki-alto-l-sale-boralesgamuwa-10808798
Toyota Corolla KE50 1980 Car,Toyota,Corolla,2025,,,,,Ja,2025-11-24,No,,No,No,No,No,750000,2025-11-24,https://riyasewana.com/buy/toyota-corolla-ke50-sale-ja-ela-10808794
Suzuki ALTO 2023 Car,Suzuki,ALTO,2023,,,,,,2025-11-24,No,,No,No,No,No,6500000,2025-11-24,https://riyasewana.com/buy/suzuki-alto-sale-gampaha-10808782
Nissan Dayz Highway Star Pro Pilot 2024 Car,Nissan,Dayz,2024,,,,,,2025-11-24,No,,No,No,No,No,8850000,2025-11-24,https://riyasewana.com/buy/nissan-dayz-highway-sale-colombo-10808771
Daihatsu Mira L Grade 2023 Car,Daihatsu,Mira,2023,,,,,,2025-11-24,No,,No,No,No,No,6350000,2025-11-24,https://riyasewana.com/buy/daihatsu-mira-l-sale-colombo-10808757
Suzuki Wagon R FX Safety 2023 Car,Suzuki,Wagon,2023,,,,,,2025-11-24,No,,No,No,No,No,7300000,2025-11-24,https://riyasewana.com/buy/suzuki-wagon-r-sale-kurunegala-10808756
Suzuki Wagon R FX Safety Hybrid 2023 Car,Suzuki,Wagon,2023,,,Hybrid,,,2025-11-24,No,,No,No,No,No,8100000,2025-11-24,https://riyasewana.com/buy/suzuki-wagon-r-sale-nugegoda-10808751
Suzuki Wagon R FX Safety Hybrid 2024 Car,Suzuki,Wagon,2024,,,Hybrid,,,2025-11-24,No,,No,No,No,No,8100000,2025-11-24,https://riyasewana.com/buy/suzuki-wagon-r-sale-nugegoda-10808737
Nissan Trad Sunny Ex Saloon 5 Forward 1987 Car,Nissan,Trad,2025,,,,,,2025-11-24,No,,No,No,No,No,1475000,2025-11-24,https://riyasewana.com/buy/nissan-trad-sunny-sale-anuradapura-10808717
